{
    "total_runtime": 1678.7940762043,
    "num_documents": 190,
    "input_load_time": 0,
    "workflows": {
        "create_base_text_units": {
            "overall": 0.12456870079040527
        },
        "create_final_documents": {
            "overall": 0.019535064697265625
        },
        "extract_graph": {
            "overall": 1384.9830000400543
        },
        "finalize_graph": {
            "overall": 0.07062578201293945
        },
        "create_communities": {
            "overall": 0.09839200973510742
        },
        "create_final_text_units": {
            "overall": 0.03885793685913086
        },
        "create_community_reports": {
            "overall": 276.3614909648895
        },
        "generate_text_embeddings": {
            "overall": 17.05188298225403
        }
    }
}